{
	"credit": "Made with lorenzo",
	"parent": "flint",
	"textures": {
		"0": "item/flint",
		"particle": "item/flint"
	},
	"elements": [
		{
			"from": [9, 0, 4],
			"to": [10, 1, 5],
			"faces": {
				"north": {"uv": [0, 0, 1, 1], "texture": "#0"},
				"east": {"uv": [0, 0, 1, 1], "texture": "#0"},
				"south": {"uv": [0, 0, 1, 1], "texture": "#0"},
				"west": {"uv": [0, 0, 1, 1], "texture": "#0"},
				"up": {"uv": [0, 0, 1, 1], "texture": "#0"},
				"down": {"uv": [0, 0, 1, 1], "texture": "#0"}
			}
		},
		{
			"from": [5, 0, 4],
			"to": [6, 1, 5],
			"faces": {
				"north": {"uv": [0, 0, 1, 1], "texture": "#0"},
				"east": {"uv": [0, 0, 1, 1], "texture": "#0"},
				"south": {"uv": [0, 0, 1, 1], "texture": "#0"},
				"west": {"uv": [0, 0, 1, 1], "texture": "#0"},
				"up": {"uv": [0, 0, 1, 1], "texture": "#0"},
				"down": {"uv": [0, 0, 1, 1], "texture": "#0"}
			}
		},
		{
			"from": [5, 0, 8],
			"to": [6, 1, 9],
			"faces": {
				"north": {"uv": [0, 0, 1, 1], "texture": "#0"},
				"east": {"uv": [0, 0, 1, 1], "texture": "#0"},
				"south": {"uv": [0, 0, 1, 1], "texture": "#0"},
				"west": {"uv": [0, 0, 1, 1], "texture": "#0"},
				"up": {"uv": [0, 0, 1, 1], "texture": "#0"},
				"down": {"uv": [0, 0, 1, 1], "texture": "#0"}
			}
		},
		{
			"from": [9, 0, 8],
			"to": [10, 1, 9],
			"faces": {
				"north": {"uv": [0, 0, 1, 1], "texture": "#0"},
				"east": {"uv": [0, 0, 1, 1], "texture": "#0"},
				"south": {"uv": [0, 0, 1, 1], "texture": "#0"},
				"west": {"uv": [0, 0, 1, 1], "texture": "#0"},
				"up": {"uv": [0, 0, 1, 1], "texture": "#0"},
				"down": {"uv": [0, 0, 1, 1], "texture": "#0"}
			}
		}
	],
	"display": {
		"thirdperson_righthand": {
			"translation": [-5.75, 9.25, 3.5],
			"scale": [0, 0, 0]
		},
		"thirdperson_lefthand": {
			"translation": [-5.75, 9.25, 3.5],
			"scale": [0, 0, 0]
		},
		"firstperson_righthand": {
			"rotation": [90, 0, 0],
			"translation": [-8.5, 7, 5]
		},
		"firstperson_lefthand": {
			"rotation": [90, 0, 0],
			"translation": [-9.5, 7, 5]
		},
		"ground": {
			"translation": [-5.75, 9.25, 3.5],
			"scale": [0, 0, 0]
		},
		"gui": {
			"rotation": [90, 0, -180],
			"translation": [-0.5, -3, 0],
			"scale": [2, 2, 2]
		},
		"head": {
			"translation": [-5.75, 9.25, 3.5],
			"scale": [0, 0, 0]
		},
		"fixed": {
			"translation": [-5.75, 9.25, 3.5],
			"scale": [0, 0, 0]
		}
	}
}